id,tags
HE-ece4370,ip|send|server|see|game|
HE-fad0d3b,date|room|end|second|name|
HE-ea00013,permiss|const|echo|br|delet|
HE-df1304d,item|prop|listitem|compon|list|
HE-e946f8c,function|client|like|server|time|
HE-e918ab3,androidruntim|android|java|permiss|call|
HE-de24688,println|system|doubl|enter|scanner|
HE-dd4bb08,complex|struct|const|doubl|im|
HE-e1b30ab,studio|dev|project|report|deploy|
HE-e89c864,imageview|instanc|class|strong|bug|
HE-ea57946,log|obj|would|object|interfac|
HE-eab914a,name|symbol|code|accept|html|
HE-d668623,display|sensor|interv|data|function|
HE-d4ad3bc,command|termin|second|differ|work|
HE-d2cb0ba,field|updat|tabl|queri|anyon|
HE-e9ec861,post|contain|latest|font|br|
HE-f2e22c8,process|consol|role|fals|true|
HE-c9b1e65,tab|space|around|python|convert|
HE-d263768,mail|unabl|regular|code|mention|
HE-fa4fc4d,chart|scale|line|googl|log|
HE-f109d42,eax|error|strong|compil|print|
HE-f4c44e0,job|doubl|et|public|super|
HE-cb130de,persist|eclips|spill|except|eclipselink|
HE-ed284e5,map|color|point|data|red|
HE-c9b93b3,rs|tabl|strong|connect|name|
HE-d4337c5,background|anim|scale|px|imag|
HE-d0a3762,precis|user|ubuntu|switch|root|
HE-de4412e,result|includ|new|child|lt|
HE-cb57226,comput|search|annot|figur|via|
HE-ed84ea3,async|de|ajax|info|function|
HE-c2c2478,ret|num|column|pre|temp|
HE-c67890d,lt|li|gt|nav|col|
HE-d1a30a4,actor|search|comma|rail|type|
HE-fda190b,filter|dataset|code|li|data|
HE-ef49ba9,struct|align|int|non|code|
HE-cb6f84d,obj|method|object|test|thing|
HE-ef169fe,form|sender|object|privat|void|
HE-e3beef7,item|gt|code|true|bar|
HE-f3a4f98,arraylist|mode|void|privat|pre|
HE-dc38755,bit|window|provid|instal|ok|
HE-e2230f5,work|chang|file|listen|resourc|
HE-fd0a925,success|function|code|alert|paramet|
HE-d991312,left|anim|px|second|css|
HE-cd47ea7,col|tabl|null|code|join|
HE-ebc7582,build|depend|releas|debug|intern|
HE-d024da0,lt|gt|th|td|ng|
HE-e262756,notif|push|turn|io|back|
HE-c454088,read|app|devic|similar|interfac|
HE-d159fe8,android|layout|wrap|id|content|
HE-f3792bd,cooki|domain|string|null|login|
HE-e227eb3,devic|exchang|mobil|manag|regex|
HE-e486969,imag|form|upload|must|user|
HE-e39f421,amp|lt|gt|dim|respons|
HE-d1294b5,assign|button|dialog|hide|box|
HE-da171a4,virtual|api|python|vs|latest|
HE-fe66d9c,depend|remov|project|section|scope|
HE-fd75c92,attr|lt|gt|div|element|
HE-ee64f3a,dim|set|note|mail|object|
HE-f42fcb1,id|name|collect|find|mongodb|
HE-ce120a0,lt|gt|php|echo|option|
HE-ccf5103,test|packag|li|sh|desktop|
HE-c52fd64,imag|activ|size|jpg|alway|
HE-e5fd8f4,string|temp|url|div|background|
HE-ff9733a,event|left|key|import|amount|
HE-cf7f478,array|number|end|duplic|use|
HE-c89ed69,visual|studio|publish|comput|configur|
HE-dc7f1d3,stop|map|charact|everyth|move|
HE-fe5aae4,row|date|drop|duplic|frame|
HE-c8b24f3,textbox|event|key|window|oper|
HE-e8a15e8,interfac|set|get|navig|limit|
HE-d397abc,day|commit|li|number|ul|
HE-e8278d4,block|tabl|amp|param|id|
HE-c886808,messag|repli|bodi|system|factori|
HE-caf35e4,js|modul|game|localhost|client|
HE-e04d138,field|record|li|timestamp|time|
HE-c753b71,event|convertview|textview|context|int|
HE-eeefb77,column|queri|text|length|time|
HE-dd70293,result|array|textfield|item|error|
HE-f4df167,deploy|build|task|code|li|
HE-d646488,icon|android|open|app|websit|
HE-eb15858,give|code|lt|true|run|
HE-c9383b7,string|word|label|split|within|
HE-ed0d8a7,lt|gt|div|width|code|
HE-daa6b78,assembl|em|version|load|exe|
HE-e1cb670,touch|float|render|player|project|
HE-c6f23d1,token|empti|line|even|print|
HE-f636699,lt|gt|th|td|datasourc|
HE-eaace35,android|layout|login|wrap|id|
HE-f1af4e7,point|float|amp|arg|expect|
HE-e8f4259,django|profil|regist|custom|app|
HE-d32a05f,em|date|li|int|month|
HE-dbecf2e,function|condit|check|call|gt|
HE-cecd82e,val|var|cooki|array|post|
HE-c5912a6,stream|phone|call|hook|iphon|
HE-d58acde,path|user|code|gt|rout|
HE-f099cf0,exit|local|termin|regist|three|
HE-d11f914,cancel|notif|local|background|actual|
HE-c957ea9,replac|match|text|link|bodi|
HE-ff4459b,mobil|site|respons|term|vs|
HE-ce5b010,android|background|activ|vertic|margin|
HE-e626f79,lt|gt|script|js|action|
HE-f07074c,longitud|latitud|com|origin|http|
HE-cf978d4,librari|twitter|come|post|account|
HE-fb128b6,queri|activ|mysql|result|fetch|
HE-e497a2a,span|lt|gt|word|center|
HE-f6bc43c,context|find|attr|origin|result|
HE-e2b5312,contact|prefer|intent|phone|onclick|
HE-ccb0e9b,char|array|void|size|code|
HE-c454079,format|cell|previou|li|condit|
HE-cbe208d,argument|modul|index|view|server|
HE-e1409d5,print|list|blue|red|code|
HE-e356489,multiplec|cin|cout|code|lt|
HE-e3e5fa6,io|show|text|reason|instead|
HE-d30a611,plot|bitmap|scale|export|need|
HE-cf89044,map|list|string|lt|code|
HE-dbcae1a,function|log|strong|func|enabl|
HE-f702f70,cat|code|split|space|comma|
HE-d6bb1ce,feed|url|type|would|wordpress|
HE-ee82257,chart|implement|graph|js|default|
HE-d3b9bad,tf|modul|py|featur|float|
HE-ebb646d,android|byte|memori|io|take|
HE-f0e54cf,ui|view|lt|code|div|
HE-ca8f8da,py|usr|python|lib|line|
HE-f0706f3,bar|navig|size|statu|touch|
HE-f01d8ce,excel|save|close|file|open|
HE-f918378,std|instanc|lt|stack|order|
HE-f932fa8,dynam|static|project|librari|compil|
HE-d59bce6,proxi|strong|apach|java|guid|
HE-e1ae300,messag|databas|video|thread|user|
HE-d07c829,request|bin|uri|index|redirect|
HE-f7c0c59,termin|command|strong|usr|error|
HE-de1d1b4,memori|process|app|start|get|
HE-c872f26,drop|popul|option|select|br|
HE-fd64bdc,migrat|inject|li|context|properti|
HE-ec3c213,array|solut|key|javascript|second|
HE-e12d216,head|column|clear|data|tabl|
HE-c5edc59,lt|gt|deploy|mysql|default|
HE-c362ff1,navig|event|li|save|modal|
HE-d0079f5,string|gt|php|request|server|
HE-e66900e,command|code|gt|text|add|
HE-c283079,px|ext|textarea|textfield|panel|
HE-cc6f418,upload|wordpress|theme|imag|url|
HE-e25622a,tabl|array|cell|gt|lt|
HE-c32d7e3,regex|editor|br|number|write|
HE-d34008f,task|python|complet|imgur|stack|
HE-cb3c5ae,ip|devic|android|connect|countri|
HE-e0bab47,field|lt|gt|name|step|
HE-e3f49c2,wp|css|style|uri|directori|
HE-e2931ed,node|graph|class|scala|val|
HE-de1d1f6,googl|play|map|servic|android|
HE-dcc83f1,enemi|mc|flash|privat|var|
HE-e7674dc,msg|ajax|script|json|text|
HE-db6e660,requir|list|model|collect|js|
HE-e1540a0,form|panel|control|click|save|
HE-d893f04,icon|vertic|side|left|previou|
HE-f6318e8,param|rout|compon|sub|code|
HE-d908d13,browser|say|port|connect|ssh|
HE-e33b15b,valu|particular|templat|tell|back|
HE-eba2cb4,googl|storag|upload|file|document|
HE-d79b33a,eclips|min|initi|call|job|
HE-e6d41ea,sql|sort|order|field|support|
HE-d1fd205,releas|com|never|support|code|
HE-c29dbcc,api|citi|org|noreferr|nofollow|
HE-c4088b0,base|url|static|client|privat|
HE-d5bddf0,background|img|descript|imgur|enter|
HE-de79907,android|modul|support|com|project|
HE-d6c2684,date|strong|statu|pre|id|
HE-de10ef4,sensor|ae|integr|sdk|interfac|
HE-f8e788d,class|self|code|enum|gt|
HE-c73db61,control|librari|without|class|code|
HE-c33c109,bar|end|def|class|dynam|
HE-ceeaa8b,code|empti|id|name|updat|
HE-d8df610,ext|valu|record|engin|number|
HE-d7f81a2,video|record|screen|java|black|
HE-dc581b9,facebook|graph|token|pass|access|
HE-f980dfe,repositori|commit|move|git|branch|
HE-d08162a,play|user|action|without|initi|
HE-d33d944,count|cursor|document|collect|mongodb|
HE-ee03736,type|custom|alreadi|exist|problem|
HE-f280bc7,js|jqueri|min|fn|script|
HE-d90daf5,em|int|languag|year|effect|
HE-f3b87a6,file|upload|amp|folder|php|
HE-cda6e4a,page|refresh|master|child|hope|
HE-d84fc4e,unit|page|server|render|websit|
HE-d6fa797,column|non|comput|mean|time|
HE-f540648,checkbox|lt|gt|div|creat|
HE-f109d1f,touch|miss|code|question|call|
HE-f3a2898,url|resourc|www|old|manual|
HE-d4d8fc6,jar|could|possibl|tell|android|
HE-d9e659d,test|arg|pipe|code|pdf|
HE-e0a9a78,pdf|dim|child|get|reader|
HE-c4b13c3,map|line|catch|tri|val|
HE-fefdbee,report|compon|pdf|export|servic|
HE-e26c28a,googl|see|home|pass|order|
HE-f802a44,thread|insert|first|tabl|iter|
HE-c593a07,map|strong|li|nest|entri|
HE-f3681bd,lt|gt|px|font|messag|
HE-cff6893,android|ask|send|pass|request|
HE-ee9332d,upload|file|usernam|mysql|name|
HE-d752127,hide|valu|chart|bar|imgur|
HE-d92fca5,prop|connect|properti|code|add|
HE-fc34608,parent|address|id|resourc|index|
HE-ee9cefa,quiz|score|gt|array|pass|
HE-e154078,phone|display|app|run|stop|
HE-d3d473a,select|best|index|queri|tabl|
HE-c988875,imag|nativ|compon|li|github|
HE-c89eda4,lt|gt|form|option|download|
HE-d488b21,lt|gt|tr|td|php|
HE-c39889d,graph|line|use|extern|particular|
HE-f7a38e4,expand|css|header|browser|way|
HE-e3204f7,token|author|uri|email|string|
HE-dde9faf,rate|modifi|schema|databas|column|
HE-e529cfb,commit|git|branch|sdk|develop|
HE-d172583,function|specifi|argument|paramet|type|
HE-e0d7edd,enum|code|type|pass|queri|
HE-fa12e9b,br|file|txt|space|text|
HE-db51351,byte|length|new|file|re|
HE-c33735f,height|jqueri|column|page|readi|
HE-eb352cf,dim|sql|connect|sub|function|
HE-cac51e3,templat|javascript|file|appli|within|
HE-d232c53,php|echo|output|line|date|
HE-f894ab9,lt|gt|setter|relativesourc|treelistview|
HE-e550ad9,check|charact|jqueri|variabl|someth|
HE-cf167ef,wrap|code|id|name|return|
HE-ef363d3,titl|post|content|store|us|
HE-f5e881a,refer|manifest|configur|applic|librari|
HE-ced73cd,num|array|function|var|length|
HE-ffdb5de,process|child|whole|within|code|
HE-dd61a1f,jpg|save|imgur|stack|com|
HE-ee40536,project|instal|select|alreadi|unabl|
HE-f9cec91,cach|lt|gt|bean|refresh|
HE-c86932c,rsync|net|http|window|port|
HE-fa6a931,work|dump|code|php|seem|
HE-cdb583c,test|st|input|code|str|
HE-fd16d57,domain|co|upload|tell|noth|
HE-c957ecf,citi|choos|enabl|submit|condit|
HE-ca48f42,pair|tag|html|come|element|
HE-dbb7661,dropdownlist|dim|listitem|true|li|
HE-e46224a,variabl|express|li|declar|scope|
HE-ce38e96,perl|debug|org|option|show|
HE-e2b050d,thread|pool|print|stop|foo|
HE-d038572,product|procedur|end|code|pre|
HE-df32adc,branch|app|index|content|link|
HE-fb3bf09,post|address|mysqli|countri|usernam|
HE-d1994eb,br|live|server|handler|per|
HE-f9ee608,color|refresh|background|echo|everi|
HE-fe42573,ff|solv|integr|variabl|know|
HE-f25ea65,item|detail|panel|li|display|
HE-ceba08a,node|page|edit|php|templat|
HE-fda8deb,point|line|learn|argument|python|
HE-d9e8c02,progress|bar|show|loop|act|
HE-e1e8a3f,session|express|ws|const|code|
HE-cdfc1ce,serverservic|stdout|pool|info|thread|
HE-e49c96e,float|fuel|lt|cout|cin|
HE-cc657fb,postgresql|instanc|ip|connect|aw|
HE-ec3e8d1,titl|process|php|set|parent|
HE-fbb350d,bitmap|color|game|target|come|
HE-e7d253a,asp|lt|gt|format|phone|
HE-e7b52d3,strong|cach|storag|em|php|
HE-fb15006,post|page|meta|forum|wp|
HE-e6d41f5,row|column|singl|json|tabl|
HE-f514966,lt|gt|head|titl|bodi|
HE-e4c1174,textarea|li|one|end|current|
HE-db67191,lt|text|gt|section|element|
HE-f7d6cae,proxi|server|strong|http|header|
HE-f2fa8ce,strong|option|div|lt|gt|
HE-f69f123,em|li|date|branch|ol|
HE-fefdbde,xsd|lt|gt|enumer|restrict|
HE-eee5f67,android|api|key|lt|gt|
HE-cbbfed7,iphon|memori|avail|find|know|
HE-f6ed0e6,varchar|hibern|null|key|strong|
HE-d7e7173,scale|etc|echo|gt|script|
HE-cd2abab,button|new|li|add|column|
HE-f57118f,textbox|code|valu|larg|small|
HE-cc98909,color|correctli|convert|browser|player|
HE-fb34b21,compani|month|local|everi|sql|
HE-fc08928,owner|user|error|appear|case|
HE-e6110d1,part|call|properti|code|someth|
HE-fd4786e,css|render|code|everyth|page|
HE-c5c6c8a,appli|em|file|differ|one|
HE-de0c138,friend|member|activ|queri|id|
HE-c6fbf4c,collect|control|extens|select|screen|
HE-f9f5b0e,br|posit|element|solut|work|
HE-dff3099,td|lt|gt|imag|tr|
HE-d07a131,func|code|super|init|let|
HE-fc0d715,share|facebook|graph|user|page|
HE-d06421c,em|param|thread|initi|static|
HE-d577553,client|event|googl|api|author|
HE-e48de4a,android|layout|linearlayout|textview|id|
HE-f63b363,row|compon|button|delet|listview|
HE-f2dfc44,countri|schema|code|sort|strong|
HE-f857cf4,theme|id|imag|primari|depend|
HE-d035e60,level|column|col|code|pre|
HE-e710f8e,localhost|proxi|json|gt|code|
HE-e9a8535,idea|angl|iphon|calcul|api|
HE-cb8099a,link|regex|split|categori|string|
HE-f6f1e7c,help|wordpress|item|seem|forum|
HE-f42fcc8,code|imageview|height|width|alloc|
HE-f8b4491,featur|compani|project|creat|apach|
HE-f36a89a,np|includ|framework|filter|element|
HE-ff813c7,java|org|intern|connect|mysql|
HE-e77366e,aw|mode|core|local|client|
HE-c8b9a22,mail|async|task|param|etc|
HE-e1409e0,email|mysqli|pass|con|post|
HE-f5c3e77,target|div|lt|element|gt|
HE-c7bed25,program|includ|visual|int|error|
HE-fb3712f,direct|myapp|box|angular|scope|
HE-e8cac60,form|app|gt|data|compon|
HE-cf92ba8,host|game|except|instanc|window|
HE-f0644b1,ajax|data|request|rout|function|
HE-e119ac7,download|client|uri|ex|error|
HE-fd7aa80,option|lt|gt|select|element|
HE-f907277,word|key|variabl|statement|python|
HE-c537299,li|strong|make|one|lib|
HE-e38968c,perl|titl|html|lt|gt|
HE-ee8e501,gif|librari|frame|allow|add|
HE-e93852e,view|master|form|applic|possibl|
HE-d4385c7,screen|video|full|right|side|
HE-e73dcd8,json|imag|data|base|document|
HE-d3890aa,nbsp|field|em|textfield|style|
HE-ef44d85,send|messag|client|imag|attribut|
HE-d3ad965,abc|lt|snippet|gt|div|
HE-fe84012,categori|code|foreach|get|gt|
HE-c480789,string|array|str|item|new|
HE-d9101b6,start|strong|sh|imgur|stack|
HE-e0608ef,pdf|test|titl|href|lt|
HE-d2d73f6,search|key|valu|find|program|
HE-e3efc07,ws|br|foo|charact|bar|
HE-de1357f,imageview|view|bitmap|url|progress|
HE-d1c040b,download|pipe|file|re|var|
HE-f92e1a5,nest|top|code|entiti|set|
HE-ecb5f5d,system|entiti|data|object|refresh|
HE-fb89e2a,lt|gt|div|activ|class|
HE-f5600ee,lt|gt|collaps|option|div|
HE-dde787f,bind|mode|ui|header|width|
HE-e3deae4,regist|sender|self|textfield|control|
HE-f4016eb,directori|build|default|chang|also|
HE-ce8e36b,uniqu|email|index|user|migrat|
HE-ce45198,microsoft|null|return|us|might|
HE-f531cf5,marker|section|infil|case|data|
HE-de550dc,format|wb|ws|date|column|
HE-ec437cc,user|may|program|compil|wiki|
HE-d199505,lt|folder|window|hr|admin|
HE-d5e760a,repres|domain|type|object|forum|
HE-ee711d9,releas|nsstring|json|code|properti|
HE-e592861,springframework|bean|factori|org|java|
HE-c352012,creat|procedur|sender|end|btn|
HE-dc55ac0,arraylist|environ|media|string|pictur|
HE-ce231d0,made|like|without|possibl|post|
HE-e11e8aa,locat|back|due|would|valu|
HE-c554489,ss|strong|datetim|temp|convert|
HE-f254e8a,activ|android|doubl|intent|java|
HE-d8fa258,div|append|exist|lt|inner|
HE-f5b06a5,matrix|distanc|map|visual|www|
HE-e1a955f,ur|ic|join|ip|left|
HE-ebd380e,servlet|lt|gt|param|web|
HE-d6b8afe,locat|longitud|latitud|result|map|
HE-da17160,dropdown|select|valu|row|form|
HE-f276fc9,json|nil|code|top|format|
HE-e4f4398,datetim|public|userid|set|enabl|
HE-eb91c76,javafx|scene|import|void|new|
HE-f78179d,ticket|nest|session|class|context|
HE-e805911,load|document|googl|bodi|fail|
HE-e50a225,self|name|properti|def|filenam|
HE-fbd7da2,data|content|updat|detail|delet|
HE-da7d5f3,pad|bitmap|null|final|new|
HE-c380311,publish|microsoft|web|build|task|
HE-d0fd775,td|strong|pre|code|find|
HE-f72eb34,panel|updat|jqueri|event|sent|
HE-df87f02,push|ask|password|ssh|config|
HE-c8ab002,button|lt|gt|id|jsfiddl|
HE-d78542e,data|store|storag|search|server|
HE-d1d63f4,string|authent|www|queri|com|
HE-d502617,page|nativ|snippet|var|textview|
HE-d24640f,continuum|anaconda|py|pickl|save|
HE-cd1c1ef,bar|code|count|attribut|test|
HE-d45cde6,android|layout|parent|match|linearlayout|
HE-dd72a73,bitmap|matrix|math|caus|byte|
HE-db92dac,task|temp|thread|gt|int|
HE-ea026b6,client|thread|system|new|write|
HE-fe009f6,control|align|left|top|side|
HE-e267466,back|go|click|browser|work|
HE-e4ece6a,xsd|element|lt|gt|valu|
HE-e3b2bcf,pdf|document|line|convert|end|
HE-ddd8ec9,kernel|bind|gt|lt|static|
HE-fa7e0ad,dialog|form|open|partial|submit|
HE-cc37457,notif|servic|code|stop|app|
HE-d5e4f05,ubuntu|log|latest|server|download|
HE-d1accbc,twitter|button|view|java|new|
HE-e1c1a77,question|function|input|label|queri|
HE-cca4bda,error|function|json|data|rail|
HE-f56284e,menu|mani|item|possibl|like|
HE-c900378,enum|element|pars|comma|comment|
HE-c8c5ccd,align|http|compil|org|point|
HE-d10259e,gt|dict|int|code|count|
HE-de8d21a,implement|cach|know|much|system|
HE-f3c22f2,context|super|attr|radiu|public|
HE-d248b57,api|android|exampl|use|new|
HE-f62caaa,error|model|account|null|column|
HE-ef6486d,pipe|gt|lt|program|line|
HE-e13bbd3,video|next|last|function|current|
HE-fd7aa98,java|rubi|code|string|would|
HE-e8694fa,item|orient|anoth|javafx|vertic|
HE-ff2245c,code|array|two|result|repres|
HE-ff49398,cart|product|item|add|gt|
HE-c61243a,link|line|wiki|lt|en|
HE-d7c9e1d,lt|gt|span|fa|class|
HE-d1551f8,oper|code|someth|int|scala|
HE-ffb9559,applic|tag|score|content|request|
HE-e5531b6,key|dict|string|ss|name|
HE-e475876,column|total|report|take|count|
HE-ff61920,vector|const|compil|matrix|function|
HE-d35110f,order|join|custom|tabl|popul|
HE-fab60cb,publish|loop|listen|put|data|
HE-d76a78d,convert|th|code|suggest|specif|
HE-eaaa766,custom|product|id|detail|info|
HE-c460371,postgresql|perl|lib|pre|code|
HE-d45a72e,queri|select|limit|convert|sql|
HE-cc80334,imgur|png|stack|user|com|
HE-fa76bdb,project|vendor|blockquot|name|author|
HE-e62489d,array|var|code|join|expect|
HE-ff68e38,product|contact|button|order|form|
HE-cb65c02,map|border|plot|col|data|
HE-e97531a,listitem|gt|media|lt|compon|
HE-c8e7de6,em|box|noreferr|run|rel|
HE-dfe94e9,encod|utf|json|val|re|
HE-ec56ff3,carwash|userrol|domain|user|hibern|
HE-cc7dc8b,field|sort|record|direct|someon|
HE-e62e437,object|valu|constructor|code|interfac|
HE-fc2aa36,forum|answer|categori|question|join|
HE-c4856d7,connect|thread|end|procedur|begin|
HE-f4986b5,extens|file|net|real|upload|
HE-f1cef5e,code|trigger|manag|set|devic|
HE-c27bb80,system|lt|gt|request|new|
HE-cd9f971,version|qt|anim|framework|execut|
HE-c7d4b9b,gif|text|array|imageview|add|
HE-f32180c,re|int|num|index|public|
HE-c2a9ef3,choos|strong|play|stream|websit|
HE-d37a747,json|person|script|name|object|
HE-d4e52c1,db|mysql|lt|databas|gt|
HE-cffde0c,form|ticket|data|date|clean|
HE-d5f38f2,extens|built|initi|font|init|
HE-f54f008,li|extend|br|case|would|
HE-fad81ec,lt|gt|id|directori|ye|
HE-dffcb56,report|permiss|attribut|manag|error|
HE-f7497ec,local|context|interfac|blockquot|code|
HE-ff6dc32,extern|redirect|url|page|server|
HE-d75bd23,np|array|whole|print|import|
HE-dbb9d17,go|test|main|code|visual|
HE-dd224a6,null|varchar|default|length|video|
HE-ee8493f,hour|bar|bin|releas|width|
HE-f99e17f,integr|error|iphon|sdk|built|
HE-c620e78,imgur|png|stack|ref|warn|
HE-cdda0b3,facebook|gt|session|librari|php|
HE-ccbd165,express|path|attribut|file|set|
HE-cf58518,view|app|global|templat|code|
HE-c4172a7,room|initi|var|div|person|
HE-c671416,get|check|app|engin|disabl|
HE-f94b4f3,map|css|click|imag|pictur|
HE-ce2588e,dir|express|node|modul|js|
HE-c6ae23f,view|back|multipl|enter|main|
HE-df378b5,id|post|user|select|code|
HE-f1553d4,font|item|sender|color|new|
HE-de6fd41,seem|browser|locat|option|const|
HE-d11d246,resourc|type|project|main|prop|
HE-d5c7b7c,token|return|rest|code|servic|
HE-f560153,code|sh|branch|st|repositori|
HE-c786dbc,php|page|mail|form|navig|
HE-c32fe4c,car|public|em|code|li|
HE-dbbc41a,wiki|const|featur|param|doubl|
HE-cf33bab,result|extend|code|loop|field|
HE-ff3a996,button|privat|null|public|activ|
HE-f4cb8e2,real|method|field|navig|refer|
HE-e93acf5,cart|product|client|fine|theme|
HE-d331659,date|year|regex|modifi|allow|
HE-d04bc9f,chang|wordpress|directori|websit|folder|
HE-eb8326c,callback|appli|forum|javascript|data|
HE-de5c6db,doubl|scanner|new|hold|import|
HE-cfea5a6,browser|port|address|contact|sent|
HE-c68e777,usernam|password|echo|regist|code|
HE-e0b3610,menu|item|color|id|text|
HE-f5d00ec,gt|array|php|code|return|
HE-d5acd78,websit|collect|simpl|program|www|
HE-ef62110,network|error|permiss|sub|sampl|
HE-f6bc3f6,matrix|android|idea|work|code|
HE-cac7937,scale|li|standard|wiki|element|
HE-f7c8183,echo|php|usernam|possibl|find|
HE-ea41aa6,cell|tableview|label|imag|exist|
HE-e79a638,td|lt|gt|action|tr|
HE-dfd3503,differ|code|figur|css|alway|
HE-fca9462,txt|hello|string|name|code|
HE-edb0aeb,schema|inform|sql|export|databas|
HE-cc3267b,java|enabl|go|imag|em|
HE-e182685,item|obj|val|time|log|
HE-f410207,js|test|hello|script|dir|
HE-e45ac22,page|add|replac|new|delet|
HE-c6d9fdc,video|lt|sourc|gt|src|
HE-cf16811,rule|file|size|includ|java|
HE-ee69d25,div|px|item|child|height|
HE-c866c24,scroll|modal|io|textarea|element|
HE-c578d61,php|folder|exampl|www|code|
HE-d24ffcf,charact|print|char|would|might|
HE-ded89c2,list|key|col|panel|pad|
HE-fda18fd,strong|build|project|depend|modul|
HE-f979958,stop|id|queri|st|perform|
HE-cf251a3,member|argument|random|py|desktop|
HE-db6bfb0,download|filenam|write|extens|websit|
HE-d9260e5,string|queri|cursor|public|method|
HE-e35ff74,gem|px|rail|panel|gt|
HE-ea330c5,code|call|instal|android|class|
HE-e96de5f,obj|new|differ|method|pre|
HE-f334f6c,tabl|suggest|data|thank|member|
HE-de8aac5,code|queri|sp|procedur|syntax|
HE-e73410c,token|last|txt|sampl|code|
HE-dd24bd2,item|scope|btn|col|button|
HE-dd81365,springframework|org|bean|java|hibern|
HE-d224151,lt|gt|li|span|dropdown|
HE-f1bdf1e,temp|obj|re|task|new|
HE-df06d7a,count|thing|properti|one|releas|
HE-ce120c8,flash|click|black|insid|enabl|
HE-ff9e86b,path|handl|system|use|window|
HE-de2bb47,initi|static|field|stream|class|
HE-c850e3d,rax|rdx|rcx|ff|dl|
HE-e561c86,gt|format|python|print|string|
HE-e8f909c,px|lt|gt|span|label|
HE-e5d42d1,gt|lt|php|echo|categori|
HE-c50b4ca,param|split|space|user|work|
HE-ed4584c,model|textfield|address|migrat|countri|
HE-ec069fe,bin|usr|gem|bundl|home|
HE-ebf8057,properti|way|compon|everi|implement|
HE-f7f1947,ws|car|structur|http|applic|
HE-cfa63b3,screen|activ|background|start|show|
HE-dabc952,test|persist|code|null|strong|
HE-f761d46,rule|pattern|lt|gt|symbol|
HE-de550c8,button|write|activ|output|issu|
HE-e50f032,browser|net|standard|process|code|
HE-f1491f3,code|xml|object|print|titl|
HE-c389f31,chart|abl|done|javascript|open|
HE-f8998ff,bootstrap|test|gt|view|code|
HE-f64eac1,fn|person|element|overrid|public|
HE-fdadbcc,user|without|current|code|password|
HE-d7d8829,blockquot|calcul|answer|mean|valu|
HE-e46971d,remov|jsfiddl|dynam|net|button|
HE-cac03b0,aw|product|avail|list|way|
HE-f2e49c7,li|code|fix|ol|packag|
HE-e00dc1e,filter|imag|lt|gt|insid|
HE-f4e3edf,board|println|static|system|return|
HE-d8cbdff,box|px|away|margin|anim|
HE-fa4d532,folder|file|foo|txt|php|
HE-d179a3b,strong|date|pre|datetim|month|
HE-e26747d,url|django|json|import|py|
HE-c2fccaa,type|code|int|foo|made|
HE-e590171,div|load|web|content|id|
HE-c8b9a04,lt|gt|script|html|json|
HE-e4f1c6f,grid|ext|store|proxi|param|
HE-feb7406,remot|local|anoth|messag|host|
HE-e7e8529,svg|path|lt|gt|imag|
HE-dcde1e9,xlslib|note|error|desktop|packag|
HE-fda3fda,dialog|ui|delet|object|connect|
HE-dfebb8f,font|url|format|regular|svg|
HE-f70f0a6,view|report|contain|record|data|
HE-dc7ca76,person|public|project|set|member|
HE-cdc8fdc,block|record|li|size|file|
HE-eb4632b,manifest|add|dev|lt|allow|
HE-f179bd1,li|imag|user|dialog|chang|
HE-ebbb251,form|partial|default|php|model|
HE-c74ed65,share|devic|via|file|app|
HE-f20e4a7,login|ip|wp|wordpress|look|
HE-c86933e,rang|code|time|entri|must|
HE-e173c38,self|let|nil|memori|imag|
HE-faeb9a9,set|anim|var|bodi|click|
HE-d5e27e0,sh|code|date|valid|month|
HE-d2e1068,key|object|array|label|bar|
HE-f00f024,code|contain|end|list|error|
HE-fdf202e,delet|userid|except|public|class|
HE-eb6d3ef,bitmap|entri|cach|public|return|
HE-c77aab1,code|name|mani|execut|list|
HE-e1fe8c0,jsp|servlet|redirect|game|chang|
HE-f733938,instal|use|admin|made|solv|
HE-cfbc27d,within|best|point|method|three|
HE-d3cabca,strut|apach|java|org|error|
HE-d3be8bc,hour|day|set|never|blockquot|
HE-c4c2475,li|real|task|reason|type|
HE-d7dd622,akka|actor|scala|rs|java|
HE-da7fc84,websit|xml|web|deploy|file|
HE-e0bab02,plugin|eclips|data|url|remot|
HE-c5e6762,python|implement|noreferr|test|pdf|
HE-d71f02b,option|lt|gt|valu|pm|
HE-d1e4d1b,port|log|script|give|use|
HE-cdbccec,array|code|amp|rubi|case|
HE-e8b74a1,applic|open|exist|possibl|use|
HE-d9f4efc,panel|tab|view|direct|avail|
HE-efe325a,strong|code|div|rubi|name|
HE-c42aa3e,detect|flash|www|sourc|modul|
HE-f371de5,strong|test|web|work|lt|
HE-d4705d0,hidden|input|name|valu|type|
HE-f29df0e,px|color|pad|bottom|fix|
HE-e78480d,context|app|directori|class|code|
HE-c298e45,tabl|environ|float|page|code|
HE-e9a85b3,li|full|product|ol|text|
HE-c4a50f0,applic|forc|limit|collect|report|
HE-d8a27df,control|except|handler|function|log|
HE-fbd7dcc,sub|account|dim|array|function|
HE-efcacb9,instanc|aw|previou|new|day|
HE-d34c2e6,pm|task|day|time|execut|
HE-d21f3a3,alloc|memori|char|str|work|
HE-f60f5f5,execut|join|variabl|box|length|
HE-d3b7506,li|script|child|sensor|read|
HE-e9e7a82,lt|gt|ok|ng|angular|
HE-f551727,test|unit|std|file|persist|
HE-c2ff3b7,iphon|develop|comput|os|doc|
HE-f0226f5,filter|chart|control|act|visual|
HE-f66bf41,person|check|pdf|id|specifi|
HE-ed43191,jpa|persist|java|org|pm|
HE-da2826a,column|col|chang|follow|would|
HE-e7184d0,img|imag|height|width|asset|
HE-c9f3aa7,listview|grid|textview|code|pre|
HE-fb8500e,filter|date|popup|fine|regular|
HE-d12bc2d,bean|secur|springframework|authent|schema|
HE-efc5e4c,admin|bundl|filter|display|first|
HE-feef219,read|line|file|begin|posit|
HE-f7d1f27,id|user|friend|word|ask|
HE-c91898f,share|charact|intent|font|android|
HE-c3c2055,px|div|strong|posit|page|
HE-e25fdb9,resourc|bind|system|code|convert|
HE-f03adb9,around|send|amount|client|take|
HE-db64aab,li|ol|ye|charact|char|
HE-d4f8a83,year|item|add|static|need|
HE-c935bf8,differ|time|pre|comput|code|
HE-f979947,strong|mc|goe|lt|start|
HE-c30693c,packag|solut|add|exist|ad|
HE-d87b94a,softwar|instal|find|would|thing|
HE-e9d42ad,th|em|lt|sort|gt|
HE-d349c53,compon|name|inject|string|angular|
HE-c8e3013,framework|librari|net|index|way|
HE-d49c2f5,lt|gt|li|img|slide|
HE-ccb0ebc,hook|packet|modul|struct|interfac|
HE-ff27279,filenam|timestamp|request|upload|string|
HE-f9308ae,format|debug|org|file|option|
HE-fe977ae,titl|dialog|attr|link|lt|
HE-ed2d308,progress|lt|max|gt|valu|
HE-da4f157,review|gt|lt|php|total|
HE-f564ec2,page|display|error|charact|static|
HE-fd1bb5c,navbar|gt|lt|li|nav|
HE-e40f5ce,stuff|record|whitespac|join|max|
HE-c59396b,group|role|user|return|enumer|
HE-c7cfe3c,templat|type|index|log|properti|
HE-ddb936e,ssh|port|remot|specifi|host|
HE-c428322,softwar|anim|video|better|suggest|
HE-e3f22d9,attribut|rang|iter|string|step|
HE-cf6e332,row|mysqli|con|databas|connect|
HE-ff3f768,feed|popup|lt|gt|div|
HE-db671bc,inform|base|select|li|categori|
HE-c658d27,kbd|super|alt|key|code|
HE-d38b7b0,tabl|list|group|data|pre|
HE-f1b42f1,css|sampl|includ|exampl|javascript|
HE-e416a69,item|strong|div|id|object|
HE-fd3b5d6,form|java|html|tag|data|
HE-eb32be5,string|mongodb|blockquot|collect|instal|
HE-f578650,springframework|lt|gt|servlet|org|
HE-e0914a5,compani|ip|address|connect|php|
HE-cc657f4,vector|java|class|util|templat|
HE-e371019,code|angularj|dynam|em|result|
HE-cab687e,mongodb|connect|java|com|authent|
HE-f7706ac,name|entiti|input|chang|code|
HE-c2ac60d,django|connect|set|exit|hook|
HE-dde036d,click|perform|ie|element|regist|
HE-f0ec975,row|self|model|group|filter|
HE-d232cad,notif|center|content|stop|let|
HE-edf26c5,start|connect|exe|process|possibl|
HE-e50c8df,version|jpg|http|com|imgur|
HE-c703436,old|post|user|access|new|
HE-df60dd3,null|longitud|latitud|dataset|json|
HE-f809e8a,descript|return|name|array|public|
HE-f991e99,delet|row|code|alert|jqueri|
HE-d1ec13b,scroll|tableview|button|rang|cell|
HE-fe61fce,applic|web|servic|listen|refer|
HE-d36bd43,self|view|child|parent|children|
HE-fdbec99,filenam|abc|txt|file|good|
HE-e57c98d,close|program|file|code|access|
HE-d37f537,lt|gt|root|reader|model|
HE-e7fbc8e,io|file|second|string|system|
HE-c7d4bbc,fetch|via|map|queri|perform|
HE-e30315d,vendor|column|order|place|fix|
HE-c816807,definit|method|rubi|stuff|kind|
HE-ddad0bd,row|page|order|sql|column|
HE-eba05dc,namespac|strong|use|take|anyon|
HE-f73adc3,scroll|iphon|detail|ok|project|
HE-dcb4c0d,form|group|error|valid|field|
HE-f7d1f5a,continu|column|base|get|time|
HE-fda667a,list|lt|gt|work|code|
HE-d381bf7,vendor|public|set|string|doc|
HE-f27bdf9,array|compani|gt|lt|xml|
HE-dcad5fa,comment|lt|gt|js|code|
HE-d9e3e2d,lambda|li|code|method|stackoverflow|
HE-c9faf32,nsstring|url|error|connect|null|
HE-cd541bd,code|exist|visibl|div|use|
HE-d8b11c0,postgresql|password|migrat|databas|run|
HE-dfd355a,manual|condit|variabl|effect|email|
HE-f85a3fa,random|client|session|remot|uri|
HE-d4d8ff2,order|id|insert|code|gt|
HE-ca37e94,directori|javascript|default|possibl|input|
HE-fcba54d,marker|map|googl|function|code|
HE-c9509fe,span|around|div|line|code|
HE-d5ec413,day|id|relat|record|initi|
HE-ddbe164,gt|lt|th|td|html|
HE-f72eb03,object|entri|filter|primari|one|
HE-c36565e,break|switch|case|statement|amp|
HE-ee675f9,model|gt|lt|div|editor|
HE-e4585f4,googl|messag|im|provid|sourc|
HE-fb801db,div|class|lt|gt|img|
HE-f6d98c8,android|plugin|platform|end|run|
HE-f19bd87,xxx|test|code|call|handler|
HE-e290a76,resourc|event|return|save|id|
HE-e136e50,distanc|complex|code|array|matrix|
HE-d2a5356,length|name|var|snippet|div|
HE-e8a6423,queri|class|code|child|activ|
HE-f7b97e3,android|item|lt|gt|holder|
HE-d37f529,procedur|categori|varchar|insert|store|
HE-dd923a7,case|valu|code|properti|jqueri|
HE-fdfbba7,pair|vector|kind|never|seen|
HE-cb7babc,android|view|java|widget|textview|
HE-dab2dfb,array|document|id|string|strong|
HE-ca6d765,bundl|memori|www|asset|br|
HE-dc0a2a5,custom|db|name|servic|web|
HE-f76b906,exe|code|except|need|game|
HE-ffa368a,spring|cancel|async|annot|thread|
HE-e6d41e8,place|inform|li|map|fetch|
HE-cf4e83d,imgur|stack|studio|download|compon|
HE-e1f739d,face|mat|convert|color|detect|
HE-d6f32a8,imag|png|descript|imgur|enter|
HE-ff7c601,file|group|solv|depend|librari|
HE-fadcfaa,ui|data|gt|lt|div|
HE-ea309fa,room|user|code|token|lt|
HE-f28a758,project|li|previou|list|depend|
HE-d39c85d,match|regex|var|pattern|href|
HE-d41d94b,scala|spark|apach|org|rdd|
HE-d2e3783,control|black|correct|look|white|
HE-d3e8056,tool|jpg|id|div|code|
HE-c8ef347,listview|facebook|small|android|develop|
HE-dc0c99e,string|month|year|int|day|
HE-de1d1be,extens|look|popup|string|code|
HE-c84bfb5,abstract|test|class|public|base|
HE-dcb2512,ticket|item|amp|const|begin|
HE-d9912cd,sourc|null|paramet|cannot|blockquot|
HE-fd5d707,uri|result|redirect|client|step|
HE-c9db4ee,ie|href|window|open|someth|
HE-c3289fd,owner|engin|lt|gt|class|
HE-e114c62,scope|function|control|listen|locat|
HE-cca24fb,block|javascript|code|statement|var|
HE-d15c6ef,text|gt|lt|descript|const|
HE-dafe6cc,drop|record|valu|code|select|
HE-dc50ce8,core|net|devic|app|support|
HE-c73b426,tool|depend|librari|command|build|
HE-ff66736,progress|bar|thread|updat|plugin|
HE-dfa5242,model|get|request|ajax|via|
HE-d0c5746,scope|respons|product|function|control|
HE-c4b8837,twitter|search|network|comment|specif|
HE-c3bd250,gt|doubl|pars|int|rule|
HE-efea72e,tf|git|local|branch|consid|
HE-ecc21e0,contain|link|show|strong|lt|
HE-f7be5a6,float|min|number|mysql|valu|
HE-f168b62,tag|xml|content|whitespac|text|
HE-c5f29e3,lt|gt|product|strong|equal|
HE-d839deb,json|post|client|put|side|
HE-d1b687a,delet|file|know|user|extens|
HE-dbd2314,repositori|servic|busi|children|seem|
HE-e37f9a5,div|lt|gt|px|head|
HE-c5e1921,iter|std|vector|normal|loop|
HE-f41ebe7,git|code|valu|config|regex|
HE-e877f79,window|run|schedul|exe|os|
HE-ef11c77,android|lt|gt|layout|widget|
HE-d431118,td|lt|gt|mail|login|
HE-d7f34ae,string|math|lt|list|gt|
HE-ff5cb34,br|deploy|project|engin|lt|
HE-f8a5b6e,window|javascript|locat|open|href|
HE-dc64427,packet|host|gt|modul|hook|
HE-fc45704,releas|public|continu|void|move|
HE-d5acd35,ex|except|math|understand|code|
HE-fcbf1e4,reader|timestamp|read|bind|map|
HE-d3f69b9,li|mode|access|page|non|
HE-cb488ce,resourc|path|buf|imag|project|
HE-d09c2f4,span|rate|ie|lt|gt|
HE-d2b3d25,entiti|enum|valu|descript|code|
HE-ce45161,content|page|master|head|css|
HE-f4a701a,procedur|store|owner|run|databas|
HE-caa306c,lt|asp|arraylist|gt|td|
HE-f4f9e4f,debug|ssh|kex|host|hmac|
HE-c447d93,password|attribut|user|request|valu|
HE-d93e640,mat|symbol|weight|posit|cell|
HE-d9b59d0,dataset|network|memori|access|random|
HE-cf5ab94,file|lt|new|txt|output|
HE-c818eea,border|textarea|titl|imgur|png|
HE-e34eee3,height|imag|line|div|px|
HE-f38a34a,excel|button|procedur|window|click|
HE-d325259,imgur|png|stack|http|imag|
HE-e822c06,log|level|filter|handler|self|
HE-e295895,num|box|color|scanner|user|
HE-caaf378,px|white|black|appear|background|
HE-f7b4992,matrix|vector|lt|multipl|speed|
HE-f19489a,usernam|password|mysql|php|tabl|
HE-f95ec82,array|mysql|config|site|echo|
HE-d8a9dd0,doubl|list|repeat|element|true|
HE-c374030,result|type|code|std|vector|
HE-fbf783f,around|text|within|background|element|
HE-f323ee3,thread|game|program|seem|desktop|
HE-e1ba596,asset|strong|script|librari|js|
HE-e819052,tf|label|np|low|input|
HE-f5a6ae8,copi|video|io|game|per|
HE-cfe7e14,charact|read|file|oper|cursor|
HE-e490525,templat|extra|address|host|default|
HE-c890379,ref|object|data|relat|return|
HE-fe90356,ui|repeat|item|lt|gt|
HE-f39daa8,password|usernam|gt|login|lt|
HE-dde51b1,session|cooki|storag|token|store|
HE-dce7e47,script|sourc|accept|arg|within|
HE-f81d614,pdf|gener|bar|progress|api|
HE-f7ecb1a,li|call|jqueri|fn|pre|
HE-d8633dd,collaps|listview|expand|nest|vs|
HE-f1b4364,rest|send|sort|back|servic|
HE-df60e51,login|profil|redirect|add|nav|
HE-e1e630f,hour|int|hr|distanc|min|
HE-f41028c,custom|public|relat|set|databas|
HE-d99865e,stage|gt|spark|output|aw|
HE-e0da5f1,imag|convert|directori|post|unabl|
HE-f8113c6,lt|gt|box|li|class|
HE-f5b7bcd,send|press|facebook|overrid|li|
HE-ed4cd57,lt|gt|br|name|field|
HE-dae6186,imag|io|cell|strong|png|
HE-ce930f0,search|local|string|result|valid|
HE-ec5e468,vertic|studio|select|record|run|
HE-c836134,sensor|current|categori|line|model|
HE-d7680b3,div|posit|absolut|random|rel|
HE-fa9b406,strong|charact|file|png|extens|
HE-cf7a61a,regex|replac|string|sort|oper|
HE-c764c44,job|total|hour|group|record|
HE-d919de4,circl|random|math|angl|int|
HE-e362676,task|due|lt|gt|div|
HE-ef1b8c7,librari|file|apk|directori|non|
HE-cbd0fe8,context|usernam|public|servic|inject|
HE-e1f9ada,index|default|field|input|time|
HE-f886177,notif|callback|way|code|get|
HE-d0447f3,lt|gt|properti|span|svg|
HE-d320449,statement|test|lt|abc|gt|
HE-cf81b76,li|doc|php|ul|org|
HE-fa549fe,point|move|width|sender|imag|
HE-ca50474,checkbox|em|input|compani|branch|
HE-f996c43,item|account|view|var|block|
HE-d3a644f,xmln|report|namespac|schema|assembl|
HE-fc2d12d,item|br|tf|work|report|
HE-d823efe,lt|gt|option|div|file|
HE-d15524e,blockquot|ignor|equal|never|noth|
HE-c818eda,mongodb|develop|web|angularj|node|
HE-c49dc11,time|server|strong|br|interv|
HE-c334cb5,nest|level|model|mysql|br|
HE-d84608c,textbox|lt|gt|descript|style|
HE-c99e6ab,content|file|read|prop|reader|
HE-d8ff089,option|visibl|ye|two|list|
HE-e602696,port|listen|differ|
HE-e0f2ba8,plot|function|requir|imag|lambda|
HE-e1d2b0e,play|two|app|time|interv|
HE-d0079c8,self|em|code|dynam|comput|
HE-edae403,class|println|system|void|public|
HE-eb2b6fc,obj|string|old|tabl|varchar|
HE-eb37974,lt|gt|express|execut|code|
HE-c7a8e8b,lt|gt|div|role|data|
HE-c775d49,compani|busi|rs|public|statement|
HE-e373710,new|ret|re|string|connect|
HE-d4a5eb4,privat|notif|date|persist|execut|
HE-d6f0be4,abstract|test|load|class|bootstrap|
HE-f96afb5,django|li|databas|test|db|
HE-f0e2e04,tabl|page|per|system|kernel|
HE-e9ec82b,redirect|script|user|respons|alert|
HE-ded3b74,display|code|print|would|termin|
HE-e1fe8a3,type|im|http|noth|happen|
HE-f52a7c2,li|project|visual|studio|file|
HE-d8c6fed,publish|code|exchang|php|method|
HE-c52fd8d,mc|desktop|foo|answer|code|
HE-d081619,graph|np|num|item|matrix|
HE-cc8ed2a,editor|json|visual|studio|file|
HE-f035ec8,gif|stop|data|load|post|
HE-d303112,www|pre|em|code|virtual|
HE-c41c046,lt|gt|jsp|tr|td|
HE-f7e2eca,whitespac|regular|ignor|match|express|
HE-c406194,column|li|box|lt|gt|
HE-d490044,doubl|struct|string|file|variabl|
HE-e8758d1,json|cat|jpg|nil|id|
HE-f980dd3,method|doubl|point|valu|imgur|
HE-d53a763,px|margin|element|bodi|distanc|
HE-fdcfde7,languag|self|devic|em|system|
HE-cc8ece2,db|gt|queri|select|var|
HE-e490532,mysqli|con|score|high|td|
HE-fe6e27f,code|space|list|got|chang|
HE-ddad051,encod|data|charact|json|load|
HE-db08287,stdout|total|amp|code|includ|
HE-d77b85c,lt|enum|valu|int|code|
HE-d8328d4,datetim|code|understand|blockquot|variabl|
HE-e09fd56,str|var|string|valu|val|
HE-fbd568d,calcul|tostr|statement|plu|length|
HE-c795718,android|project|librari|error|attr|
HE-f21f563,role|permiss|would|certain|seen|
HE-d771c79,font|style|load|wp|theme|
HE-c8b9a25,outlineview|item|self|call|nil|
HE-d7d6108,nsstring|longitud|latitud|path|handl|
HE-eee3841,foo|code|end|arg|float|
HE-e25145d,lt|std|cout|int|qt|
HE-c77f8de,url|blockquot|would|domain|depend|
HE-cf50ee4,profil|termin|rubi|error|line|
HE-d53598a,li|info|manifest|code|studio|
HE-d5b1b45,tableview|let|cell|asset|session|
HE-e5b966a,paramet|found|result|code|method|
HE-d2858de,method|updat|item|storag|choos|
HE-dea0a14,job|max|min|queri|select|
HE-c57db5a,releas|save|templat|look|jar|
HE-e69e929,mysql|db|bind|mysqli|titl|
HE-e71ab83,player|code|none|lt|enum|
HE-efdbd4d,modul|restrict|api|access|procedur|
HE-e5fd939,item|jqueri|data|lt|text|
HE-f33eb79,file|gt|javascript|lt|asset|
HE-feea478,angular|migrat|js|applic|syntax|
HE-ff1d623,de|task|write|readi|state|
HE-ee3b7a4,br|turn|site|custom|page|
HE-d285927,nil|node|play|error|block|
HE-f5c1778,edit|condit|field|base|row|
HE-ff3d084,background|white|field|button|clear|
HE-dce7e28,link|click|sent|data|stream|
HE-eda959d,master|grid|row|column|label|
HE-cb01f9d,cart|plugin|busi|product|websit|
HE-d94a932,servic|invok|call|run|addit|
HE-e513e03,qb|int|infil|public|tostr|
HE-ce6c0ef,int|charact|input|data|break|
HE-e0cbbae,function|php|extens|modul|exe|
HE-f3f7c82,post|page|function|dim|repositori|
HE-fe1dc90,enter|line|someth|new|user|
HE-f6c38ce,lt|gt|email|script|valid|
HE-dbbeb7a,excel|exe|applic|exit|true|
HE-f10c503,code|build|window|undefin|built|
HE-d62918e,pair|data|rdd|someth|similar|
HE-da9f5d4,pair|line|file|two|pre|
HE-d499c4f,iphon|framework|project|sdk|file|
HE-c775cb7,refer|em|user|virtual|public|
HE-d35faaf,strong|question|random|null|arraylist|
HE-e73dcc2,form|error|code|syntax|lt|
HE-f8970e8,lt|gt|dropdown|angular|js|
HE-df60e54,rout|basic|test|header|done|
HE-f00f004,site|file|index|php|find|
HE-e2a9071,collect|snippet|view|count|item|
HE-db86b42,code|record|null|column|standard|
HE-efe31de,matrix|code|without|fals|col|
HE-df0bbad,tabl|dump|view|back|right|
HE-d723dd0,thread|cout|lt|output|oper|
HE-ded3b3b,id|user|initi|execut|script|
HE-f1c7ac2,listview|memori|hidden|releas|imageview|
HE-f76dffd,month|code|datetim|date|day|
HE-fc408e7,io|field|form|disabl|email|
HE-fb6555d,client|sql|server|state|error|
HE-fb93b06,rout|method|regist|field|contact|
HE-f45e07f,li|ul|gt|post|categori|
HE-ea79b3a,strong|android|googl|hook|br|
HE-c8ecc3f,lt|gt|tab|div|dropdown|
HE-f8298b3,dir|gt|array|public|templat|
HE-c8e3000,struct|product|data|char|new|
HE-e1715c0,lt|gt|sister|class|link|
HE-c3c2003,connect|server|api|requir|root|
HE-f53b8f2,action|ad|assertequ|self|devic|
HE-d8680a3,control|frame|code|matrix|contain|
HE-c94e31b,imag|present|bitmap|everi|new|
HE-d50741b,dl|io|instal|speed|nativ|
HE-fa23ee2,view|activ|menu|path|amp|
HE-ef2ef4b,date|tabl|id|inform|report|
HE-fc199b2,map|respons|googl|flash|get|
HE-d7d3a1a,phone|nest|valu|given|loop|
HE-f4a7033,email|name|properti|element|import|
HE-c2857c3,android|layout|xmln|tool|schema|
HE-cba04df,valid|string|public|gt|list|
HE-da2a90a,databas|account|xxx|sql|server|
HE-fd03486,valid|count|gt|error|mvc|
HE-d8d80d6,countri|locat|option|lt|gt|
HE-cb43ac5,code|css|div|children|appli|
HE-d0cf393,word|search|would|cursor|select|
HE-f18acbf,self|label|textfield|ye|countri|
HE-da6c515,ae|filenam|infil|imag|open|
HE-c7adc5c,term|add|file|applic|text|
HE-eb76fe2,messag|error|item|strong|code|
HE-f9d6201,modal|guid|worker|grid|window|
HE-e99270e,div|lt|class|gt|snippet|
HE-c3f5117,year|st|date|filter|code|
HE-c3cbbc0,br|system|connect|except|sql|
HE-fc08898,copi|object|iter|scope|loop|
HE-ca5046f,deploy|tf|item|see|look|
HE-ce258be,child|mysql|lt|gt|titl|
HE-fada8df,lt|gt|fa|post|span|
HE-f1837b4,strong|jsfiddl|statement|blockquot|net|
HE-fc69f73,exe|argument|config|run|cannot|
HE-c2e93c3,player|load|white|video|show|
HE-c7783bb,upload|dir|wp|wordpress|folder|
HE-f43bfa3,href|index|function|com|insid|
HE-fb718ba,respons|header|allow|access|control|
HE-c34f959,domain|object|event|applic|prefer|
HE-fd6730a,dataset|attribut|replac|convert|cat|
